,City,Lat,Lng,Temp,Humidity,Cloudiness,Wind,Country,Date
0,ponta do sol,32.6667,-17.1,54.0,68,11,1.01,PT,1612655475
1,henties bay,-22.116,14.2845,64.0,89,33,1.99,NA,1612655475
2,port alfred,-33.5906,26.891,68.0,89,43,3.0,ZA,1612655422
3,hilo,19.7297,-155.09,80.6,41,1,9.22,US,1612655394
4,souillac,-20.5167,57.5167,77.0,83,20,3.44,MU,1612655476
5,lebu,-37.6167,-73.65,59.4,91,56,3.29,CL,1612655466
6,nikolskoye,59.7035,30.7861,8.6,78,20,15.66,RU,1612655459
7,marzuq,14.4,46.4667,57.36,69,0,0.98,YE,1612655476
8,mineiros,-17.5694,-52.5511,69.73,92,12,5.75,BR,1612655477
9,ushuaia,-54.8,-68.3,51.8,76,40,21.85,AR,1612655389
10,bambous virieux,-20.3428,57.7575,77.0,83,20,3.44,MU,1612655400
11,yen bai,21.7,104.8667,63.5,88,3,2.06,VN,1612655477
12,aklavik,68.2191,-135.0107,-7.6,71,90,10.36,CA,1612655357
13,cabo san lucas,22.8909,-109.9124,77.0,56,1,6.91,MX,1612655452
14,kapaa,22.0752,-159.319,75.0,49,75,9.22,US,1612655478
15,puerto ayora,-0.7393,-90.3518,78.01,91,62,3.0,EC,1612655476
16,cape town,-33.9258,18.4232,71.01,78,20,10.36,ZA,1612655236
17,buala,-8.145,159.5921,81.1,78,95,8.55,SB,1612655479
18,utevka,52.9035,50.9495,-1.52,91,68,11.72,RU,1612655479
19,vanavara,60.34,102.2797,9.25,95,100,8.77,RU,1612655278
20,punta arenas,-53.15,-70.9167,55.4,58,40,23.02,CL,1612655479
21,atuona,-9.8,-139.0333,80.28,76,83,19.39,PF,1612655281
22,laguna,38.421,-121.4238,64.99,48,1,4.61,US,1612655317
23,deputatskiy,69.3,139.9,-34.37,84,1,1.7,RU,1612655352
24,rikitea,-23.1203,-134.9692,78.67,69,100,9.84,PF,1612655418
25,sahibganj,25.25,87.65,53.44,76,8,2.35,IN,1612655481
26,tasiilaq,65.6145,-37.6368,33.8,60,75,34.52,GL,1612655481
27,arraial do cabo,-22.9661,-42.0278,75.58,83,100,5.23,BR,1612655482
28,dover,39.1582,-75.5244,44.6,42,1,0.34,US,1612655482
29,faanui,-16.4833,-151.75,82.47,66,2,9.19,PF,1612655311
30,nanpara,27.8667,81.5,48.92,64,0,0.72,IN,1612655482
31,banjarmasin,-3.3244,114.591,78.8,94,75,2.3,ID,1612655341
32,medina,24.4686,39.6142,57.2,44,0,8.05,SA,1612655369
33,codrington,-38.2667,141.9667,59.0,68,100,11.81,AU,1612655201
34,karratha,-20.7377,116.8463,80.42,58,13,8.93,AU,1612655276
35,otradnoye,59.7775,30.8181,8.6,78,20,15.66,RU,1612655461
36,iaciara,-14.0958,-46.6317,67.69,94,100,6.78,BR,1612655483
37,mataura,-46.1927,168.8643,77.25,50,0,2.44,NZ,1612655479
38,lagoa,39.05,-27.9833,60.04,90,100,25.48,PT,1612655472
39,hermanus,-34.4187,19.2345,68.0,89,80,1.99,ZA,1612655484
40,shihezi,44.3,86.0333,9.64,92,9,1.45,CN,1612655485
41,sao filipe,14.8961,-24.4956,69.66,74,38,14.81,CV,1612655241
42,busselton,-33.65,115.3333,59.0,98,100,1.99,AU,1612655485
43,tuktoyaktuk,69.4541,-133.0374,-16.6,76,90,24.16,CA,1612655277
44,asau,46.4333,26.4,27.0,74,100,3.67,RO,1612655486
45,port elizabeth,-33.918,25.5701,68.0,77,0,12.66,ZA,1612655286
46,nyagan,62.1406,65.3936,-3.96,92,100,10.45,RU,1612655413
47,cherskiy,68.75,161.3,-5.51,80,0,4.85,RU,1612655297
48,saint-philippe,-21.3585,55.7679,78.8,78,40,5.75,RE,1612655283
49,porto novo,6.4965,2.6036,84.2,84,40,16.11,BJ,1612655487
50,isangel,-19.55,169.2667,86.0,74,20,5.75,VU,1612655487
51,zaysan,47.4667,84.8667,19.74,85,12,2.08,KZ,1612655487
52,salalah,17.0151,54.0924,73.4,68,75,5.75,OM,1612655488
53,luangwa,-15.6167,30.4167,73.06,93,100,1.39,ZM,1612655488
54,esperance,-33.8667,121.9,59.0,100,90,13.8,AU,1612655488
55,mayo,38.8876,-76.5119,44.01,61,1,3.44,US,1612655489
56,pishin,30.5803,66.9961,45.05,42,0,2.08,PK,1612655489
57,poplar bluff,36.757,-90.3929,37.0,86,90,9.22,US,1612655489
58,samana,19.2056,-69.3369,77.0,83,20,4.61,DO,1612655489
59,butaritari,3.0707,172.7902,81.1,80,95,20.27,KI,1612655489
60,sao francisco de assis,-29.5503,-55.1311,67.19,69,0,4.83,BR,1612655490
61,shache,38.4167,77.2406,27.01,82,78,0.94,CN,1612655490
62,port lincoln,-34.7333,135.8667,62.33,67,88,11.16,AU,1612655269
63,dunedin,-45.8742,170.5036,59.0,80,1,25.01,NZ,1612655490
64,broome,42.2506,-75.833,26.6,33,1,6.91,US,1612655491
65,hobart,-42.8794,147.3294,64.99,59,75,13.8,AU,1612655199
66,cidreira,-30.1811,-50.2056,69.48,75,28,3.8,BR,1612655270
67,naze,28.3667,129.4833,64.4,68,75,4.61,JP,1612655289
68,thompson,55.7435,-97.8558,-25.6,62,75,13.8,CA,1612655325
69,lavrentiya,65.5833,-171.0,-8.01,79,0,1.34,RU,1612655231
70,pangnirtung,66.1451,-65.7125,24.08,80,85,3.49,CA,1612655492
71,dikson,73.5069,80.5464,-28.52,86,89,9.53,RU,1612655463
72,kudahuvadhoo,2.6708,72.8944,80.98,78,32,13.6,MV,1612655493
73,clyde river,70.4692,-68.5914,-11.2,84,20,2.3,CA,1612655431
74,barrow,71.2906,-156.7887,-5.8,77,20,12.66,US,1612655420
75,leningradskiy,69.3833,178.4167,-9.99,74,0,6.04,RU,1612655493
76,tiksi,71.6872,128.8694,-25.71,84,100,4.56,RU,1612655494
77,kruisfontein,-34.0033,24.7314,64.0,89,22,1.01,ZA,1612655494
78,chekhov,55.1431,37.4711,-0.4,78,75,11.18,RU,1612655494
79,tiznit,29.5833,-9.5,48.51,85,37,13.69,MA,1612655293
80,yellowknife,62.456,-114.3525,-36.4,67,1,3.44,CA,1612655423
81,la libertad,-2.2333,-80.9,82.4,69,0,9.22,EC,1612655495
82,bredasdorp,-34.5322,20.0403,69.8,68,63,5.75,ZA,1612655495
83,nago,26.5881,127.9761,68.0,77,40,11.5,JP,1612655294
84,avarua,-21.2078,-159.775,86.0,70,63,12.66,CK,1612655235
85,buin,-33.7333,-70.75,72.0,68,0,6.91,CL,1612655496
86,medianeira,-25.2953,-54.0939,75.2,78,0,3.44,BR,1612655353
87,raudeberg,61.9875,5.1352,24.01,74,0,9.22,NO,1612655459
88,dafeng,23.4517,108.5881,63.88,76,2,3.96,CN,1612655497
89,provideniya,64.3833,-173.3,1.72,89,28,3.65,RU,1612655212
90,feltre,46.0235,11.907,42.01,92,100,1.14,IT,1612655497
91,graham,47.0529,-122.2943,48.2,100,90,11.5,US,1612655498
92,teahupoo,-17.8333,-149.2667,84.2,61,20,12.66,PF,1612655459
93,the pas,53.8251,-101.2541,-20.2,57,1,12.66,CA,1612655459
94,pringsewu,-5.3582,104.9744,73.94,93,91,3.11,ID,1612655297
95,narsaq,60.9167,-46.05,20.82,79,38,3.89,GL,1612655498
96,yerbogachen,61.2767,108.0108,-3.87,91,97,8.01,RU,1612655499
97,vila,42.0304,-8.1588,39.0,87,72,3.74,PT,1612655207
98,banjar,-8.19,114.9675,78.8,94,20,2.3,ID,1612655499
99,almaznyy,48.0448,40.045,23.0,74,20,11.18,RU,1612655499
100,tayga,56.06,85.6197,28.4,86,40,13.42,RU,1612655500
101,barra do garcas,-15.89,-52.2567,75.18,87,100,0.69,BR,1612655500
102,mirabad,30.4362,61.8383,49.28,37,0,3.49,AF,1612655356
103,pimentel,-6.8367,-79.9342,75.2,69,90,16.11,PE,1612655500
104,dawlatabad,36.4141,64.9053,48.11,67,95,1.7,AF,1612655497
105,bac lieu,9.285,105.7244,76.41,81,63,6.33,VN,1612655501
106,mount gambier,-37.8333,140.7667,59.0,77,90,8.05,AU,1612655283
107,vaini,-21.2,-175.2,84.2,84,75,11.5,TO,1612655423
108,warri,5.5167,5.75,80.04,88,4,3.67,NG,1612655282
109,tomatlan,19.9333,-105.25,77.67,65,13,6.08,MX,1612655501
110,tual,-5.6667,132.75,83.89,78,100,20.0,ID,1612655502
111,bethel,41.3712,-73.414,41.0,38,1,5.75,US,1612655234
112,quepos,9.4236,-84.1652,78.8,61,20,8.05,CR,1612655502
113,port macquarie,-31.4333,152.9167,82.99,68,52,3.0,AU,1612655488
114,jamestown,42.097,-79.2353,17.6,53,1,6.91,US,1612655216
115,bandarbeyla,9.4942,50.8122,75.02,81,19,12.15,SO,1612655503
116,halifax,44.6453,-63.5724,33.01,89,2,8.01,CA,1612655501
117,hirara,24.8,125.2833,60.8,94,20,2.3,JP,1612655503
118,palamos,41.8484,3.1291,51.01,87,90,8.05,ES,1612655504
119,gizo,-8.103,156.8419,82.2,74,100,1.88,SB,1612655354
120,sitka,57.0531,-135.33,35.6,60,40,18.41,US,1612655504
121,omsukchan,62.5333,155.8,-5.03,86,100,5.06,RU,1612655504
122,husavik,66.0449,-17.3389,33.8,69,90,2.3,IS,1612655243
123,port hedland,-20.3167,118.5667,78.8,78,0,5.75,AU,1612655505
124,hovd,48.0056,91.6419,6.76,91,25,1.12,MN,1612655505
125,opuwo,-18.0607,13.84,73.65,41,97,4.18,NA,1612655505
126,nanortalik,60.1432,-45.2371,23.5,83,24,9.86,GL,1612655307
127,ancud,-41.8697,-73.8203,73.4,43,0,8.05,CL,1612655506
128,boyuibe,-20.4167,-63.2833,82.4,44,20,4.27,BO,1612655506
129,mount isa,-20.7333,139.5,75.2,100,90,8.05,AU,1612655445
130,mayahi,13.9553,7.6712,66.15,23,82,9.55,NE,1612655506
131,lompoc,34.6391,-120.4579,64.0,63,1,14.97,US,1612655507
132,fernie,49.5,-115.0687,6.8,66,90,21.85,CA,1612655507
133,morgan city,29.6994,-91.2068,55.4,94,90,6.91,US,1612655507
134,soe,-9.8607,124.284,73.38,83,94,6.87,ID,1612655507
135,ambilobe,-13.2,49.05,73.11,94,99,2.51,MG,1612655213
136,saldanha,-33.0117,17.9442,64.4,82,1,3.44,ZA,1612655431
137,longyearbyen,78.2186,15.6401,19.4,79,75,11.5,SJ,1612655508
138,khatanga,71.9667,102.5,-35.25,78,0,8.21,RU,1612655508
139,tuatapere,-46.1333,167.6833,70.57,48,1,3.83,NZ,1612655458
140,eirunepe,-6.6603,-69.8736,75.92,92,67,2.06,BR,1612655509
141,georgetown,5.4112,100.3354,78.8,83,20,1.14,MY,1612655463
142,upernavik,72.7868,-56.1549,18.88,76,90,3.6,GL,1612655418
143,blois,47.5833,1.3333,46.4,93,100,5.75,FR,1612655510
144,hithadhoo,-0.6,73.0833,81.57,75,45,13.6,MV,1612655510
145,egvekinot,66.3167,-179.1667,-4.2,79,5,8.43,RU,1612655510
146,ler,8.3018,30.1418,65.14,25,47,6.98,SS,1612655252
147,new norfolk,-42.7826,147.0587,64.99,56,63,4.0,AU,1612655238
148,moose factory,51.2585,-80.6094,-2.2,71,90,10.36,CA,1612655511
149,bismarck,46.8083,-100.7837,-0.4,46,1,12.66,US,1612655479
150,kaitangata,-46.2817,169.8464,64.99,74,3,7.0,NZ,1612655273
151,huilong,31.8111,121.655,52.0,83,0,3.06,CN,1612655512
152,granada,37.25,-3.25,46.99,72,7,7.0,ES,1612655512
153,garowe,8.4054,48.4845,69.82,79,34,13.62,SO,1612655281
154,coquimbo,-29.9533,-71.3436,64.4,68,0,10.36,CL,1612655284
155,pisco,-13.7,-76.2167,73.4,78,75,4.61,PE,1612655255
156,broadford,-37.2,145.0667,60.01,88,37,8.99,AU,1612655513
157,mbaiki,3.8678,17.9892,70.56,67,2,0.63,CF,1612655513
158,aloleng,16.1307,119.7824,79.9,74,37,6.93,PH,1612655513
159,prescott,34.54,-112.4685,59.0,10,1,5.75,US,1612655513
160,zhuhai,22.2769,113.5678,66.99,94,0,5.75,CN,1612655514
161,penzance,50.1186,-5.5371,39.99,87,40,9.22,GB,1612655514
162,dungarvan,52.0881,-7.6253,41.0,86,22,5.99,IE,1612655514
163,amahai,-3.3333,128.9167,82.56,73,99,3.2,ID,1612655514
164,peddapuram,17.0833,82.1333,63.64,71,7,4.54,IN,1612655515
165,saint george,37.1041,-113.5841,60.8,17,1,3.44,US,1612655320
166,pevek,69.7008,170.3133,-5.93,88,31,5.46,RU,1612655515
167,qaqortoq,60.7167,-46.0333,20.37,81,27,6.2,GL,1612655516
168,albany,42.6001,-73.9662,28.99,43,1,9.22,US,1612655407
169,leh,34.1667,77.5833,4.44,50,0,1.63,IN,1612655516
170,qaanaaq,77.484,-69.3632,10.09,86,99,7.31,GL,1612655288
171,mar del plata,-38.0023,-57.5575,64.0,77,20,12.66,AR,1612655419
172,bathsheba,13.2167,-59.5167,77.0,73,20,17.27,BB,1612655304
173,norman wells,65.282,-126.8329,-27.4,68,75,3.44,CA,1612655517
174,praya,14.9215,-23.5087,68.0,64,75,23.02,CV,1612655517
175,jumla,29.2747,82.1838,26.47,70,0,7.25,NP,1612655517
176,goderich,43.7501,-81.7165,21.2,63,100,13.8,CA,1612655517
177,alofi,-19.0595,-169.9187,86.0,74,100,11.5,NU,1612655518
178,nakhon thai,17.1006,100.8374,66.2,88,1,2.59,TH,1612655518
179,zabaykalsk,49.6333,117.3167,-12.57,87,10,7.09,RU,1612655518
180,orcopampa,-15.2661,-72.3417,49.96,69,86,7.78,PE,1612655519
181,tessalit,20.1986,1.0114,71.76,18,89,13.24,ML,1612655519
182,kavieng,-2.5744,150.7967,84.58,67,79,3.24,PG,1612655467
183,caravelas,-17.7125,-39.2481,77.74,87,100,9.48,BR,1612655314
184,san quintin,30.4833,-115.95,63.77,61,0,10.83,MX,1612655260
185,puerto lleras,3.0223,-73.4044,75.6,91,99,3.04,CO,1612655520
186,baghdad,33.3406,44.4009,55.4,100,90,9.22,IQ,1612655222
187,sokolo,14.7328,-6.1219,79.43,17,97,15.21,ML,1612655520
188,padang,-0.9492,100.3543,71.6,88,20,1.14,ID,1612655306
189,north branch,45.5113,-92.9802,-5.8,59,75,9.22,US,1612655520
190,nhulunbuy,-12.2333,136.7667,84.2,74,90,11.5,AU,1612655275
191,siocon,7.7061,122.1353,80.2,77,92,7.07,PH,1612655521
192,lamballe,48.4676,-2.5144,39.0,94,13,7.72,FR,1612655521
193,bireun,5.203,96.7009,76.59,81,58,6.67,ID,1612655521
194,mahebourg,-20.4081,57.7,77.0,83,20,3.44,MU,1612655522
195,mbandaka,0.0487,18.2603,73.6,85,51,3.67,CD,1612655522
196,qasigiannguit,68.8193,-51.1922,23.0,46,2,29.93,GL,1612655522
197,sorland,67.667,12.6934,35.24,81,79,19.75,NO,1612655522
198,shirgaon,19.7,72.7,71.15,41,0,8.79,IN,1612655523
199,cape canaveral,28.4058,-80.6048,71.01,94,40,9.22,US,1612655523
200,manokwari,-0.8667,134.0833,78.8,84,100,2.1,ID,1612655523
201,fortuna,40.5982,-124.1573,54.0,87,1,13.8,US,1612655523
202,tres arroyos,-38.3739,-60.2798,63.3,72,0,15.7,AR,1612655406
203,lokosovo,61.1333,74.8167,33.35,95,100,14.12,RU,1612655524
204,bansang,13.4333,-14.65,68.0,64,97,8.46,GM,1612655524
205,kiama,-34.6833,150.8667,78.01,70,6,1.99,AU,1612655525
206,luanda,-8.8368,13.2343,78.8,83,20,9.22,AO,1612655442
207,castro,-24.7911,-50.0119,60.71,91,0,9.42,BR,1612655128
208,saskylakh,71.9167,114.0833,-39.57,78,83,7.36,RU,1612655303
209,ulladulla,-35.35,150.4667,75.99,60,29,5.75,AU,1612655526
210,micheweni,-4.9667,39.8333,79.57,80,58,6.91,TZ,1612655526
211,sao miguel do araguaia,-13.275,-50.1628,73.31,95,100,8.9,BR,1612655526
212,saluzzo,44.6464,7.4862,45.0,100,90,3.44,IT,1612655526
213,anadyr,64.75,177.4833,-9.0,77,0,6.71,RU,1612655527
214,juazeiro,-9.4117,-40.4986,86.0,35,0,4.61,BR,1612655527
215,terrace,54.5163,-128.6035,32.0,93,90,5.75,CA,1612655461
216,richards bay,-28.783,32.0377,72.84,86,76,8.86,ZA,1612655527
217,dingle,10.9995,122.6711,78.71,85,70,11.36,PH,1612655313
218,comodoro rivadavia,-45.8667,-67.5,55.4,82,40,13.8,AR,1612655528
219,mumford,5.2618,-0.759,80.38,86,13,13.58,GH,1612655528
220,mazamari,-11.3258,-74.5308,74.75,70,39,2.37,PE,1612655528
221,hasaki,35.7333,140.8333,44.6,61,20,6.91,JP,1612655288
222,pavilosta,56.8879,21.1859,10.4,92,29,3.44,LV,1612655529
223,kargasok,59.0556,80.8572,33.24,95,100,13.4,RU,1612655529
224,jibuti,11.5,42.5,75.2,73,75,6.69,DJ,1612655529
225,luderitz,-26.6481,15.1594,69.22,61,0,21.54,NA,1612655310
226,lasa,46.6166,10.7002,39.99,100,90,12.66,IT,1612655286
227,bergama,39.1207,27.1805,59.0,100,0,4.61,TR,1612655530
228,olafsvik,64.8945,-23.7142,33.6,84,50,14.81,IS,1612655266
229,san carlos,9.6612,-68.5827,79.29,65,99,4.97,VE,1612655530
230,asilah,35.465,-6.0348,51.8,100,75,4.61,MA,1612655530
231,havre-saint-pierre,50.2334,-63.5986,30.2,93,90,13.8,CA,1612655531
232,ferme-neuve,46.7001,-75.4493,19.4,63,100,13.8,CA,1612655531
233,grand gaube,-20.0064,57.6608,75.99,85,11,1.99,MU,1612655531
234,saint-louis,16.3333,-15.0,69.8,49,0,2.3,SN,1612655531
235,yar-sale,66.8333,70.8333,-30.05,85,100,14.74,RU,1612655354
236,ixtapa,20.7,-105.2,75.2,69,75,10.36,MX,1612655318
237,general roca,-39.0333,-67.5833,89.6,40,0,3.44,AR,1612655532
238,tafo,6.7345,-1.6127,75.52,87,43,5.06,GH,1612655532
239,imbituba,-28.24,-48.6703,73.4,73,0,5.75,BR,1612655320
240,alakurtti,66.9672,30.3491,14.86,94,74,9.33,RU,1612655533
241,quzhou,28.9594,118.8686,53.76,86,27,2.39,CN,1612655533
242,itacarambi,-15.1022,-44.0919,72.63,82,100,2.82,BR,1612655533
243,santa vitoria do palmar,-33.5189,-53.3681,68.34,76,0,9.24,BR,1612655533
244,krk,45.0258,14.5731,57.2,72,90,11.5,HR,1612655534
245,lisakovsk,52.5369,62.4936,6.96,89,82,26.62,KZ,1612655534
246,victoria,22.2855,114.1577,66.99,64,0,7.47,HK,1612655476
247,neftcala,39.3742,49.2472,46.13,85,100,6.67,AZ,1612655534
248,carnarvon,-24.8667,113.6333,80.6,100,24,11.5,AU,1612655534
249,iqaluit,63.7506,-68.5145,26.6,74,90,20.71,CA,1612655308
250,east london,-33.0153,27.9116,74.75,91,10,10.83,ZA,1612655441
251,tabou,4.423,-7.3528,79.05,90,17,8.39,CI,1612655329
252,port augusta,-32.5,137.7667,66.99,68,90,12.66,AU,1612655342
253,el tigre,8.8875,-64.2454,80.38,58,100,14.54,VE,1612655536
254,camabatela,-8.1881,15.375,63.54,100,98,2.28,AO,1612655536
255,walvis bay,-22.9575,14.5053,64.0,94,3,6.91,NA,1612655467
256,ust-koksa,50.2696,85.6108,16.38,88,9,3.02,RU,1612655536
257,jieshi,22.8134,115.8257,64.99,76,0,13.78,CN,1612655537
258,ribeira grande,38.5167,-28.7,61.05,87,98,22.12,PT,1612655281
259,izhma,65.0083,53.9113,-31.18,82,99,10.47,RU,1612655537
260,avera,33.194,-82.5271,41.0,90,90,10.36,US,1612655280
261,hambantota,6.1241,81.1185,76.41,83,96,14.58,LK,1612655337
262,riyadh,24.6877,46.7219,57.2,72,0,8.05,SA,1612655456
263,chapleau,47.8405,-83.4034,8.6,66,40,11.5,CA,1612655538
264,constitucion,-35.3333,-72.4167,59.85,87,52,5.99,CL,1612655513
265,puerto del rosario,28.5004,-13.8627,60.8,72,20,6.91,ES,1612655538
266,karacakoy,41.4029,28.3834,50.0,100,69,2.3,TR,1612655539
267,kahului,20.8947,-156.47,77.0,50,20,11.5,US,1612655390
268,vaitape,-16.5167,-151.75,82.62,66,0,10.02,PF,1612655340
269,mogadishu,2.0371,45.3438,75.67,83,3,17.09,SO,1612655539
270,sainte-marie,-20.8968,55.5496,77.0,83,75,8.05,RE,1612655539
271,itoman,26.1247,127.6694,68.0,77,40,11.5,JP,1612655540
272,ahipara,-35.1667,173.1667,72.21,58,95,3.67,NZ,1612655418
273,torbay,47.6666,-52.7314,44.01,100,90,19.57,CA,1612655282
274,labuhan,-6.8844,112.2051,79.41,84,42,8.21,ID,1612655540
275,lakefield,43.6775,-95.1717,-0.4,60,1,11.5,US,1612655265
276,bluff,-46.6,168.3333,61.34,68,2,6.4,NZ,1612655470
277,tamasopo,21.9333,-99.4833,69.26,75,17,6.76,MX,1612655541
278,taiyuan,37.8694,112.5603,28.4,40,0,2.24,CN,1612655541
279,pilar,-9.5972,-35.9567,77.0,88,0,11.5,BR,1612655541
280,san rafael,-34.6177,-68.3301,83.39,27,0,10.69,AR,1612655434
281,lorengau,-2.0226,147.2712,85.32,68,98,5.12,PG,1612655289
282,aswan,24.0934,32.907,56.5,59,0,4.32,EG,1612655542
283,nome,64.5011,-165.4064,17.6,79,90,6.91,US,1612655289
284,bozeman,45.6796,-111.0386,28.0,73,90,2.13,US,1612655441
285,buraydah,26.326,43.975,50.0,100,75,9.22,SA,1612655543
286,quarai,-30.3875,-56.4514,70.27,61,0,7.0,BR,1612655543
287,el rodeo,14.9167,-91.9667,86.0,51,1,9.22,GT,1612655543
288,oyem,1.5995,11.5793,68.5,93,33,3.18,GA,1612655544
289,arlit,18.7369,7.3853,65.62,23,29,7.92,NE,1612655337
290,santa maria,-29.6842,-53.8069,71.6,78,0,1.14,BR,1612655544
291,sabha,27.0377,14.4283,60.87,29,46,12.1,LY,1612655300
292,baiyin,36.5583,104.2081,28.0,38,0,8.95,CN,1612655545
293,nouadhibou,20.931,-17.0347,62.6,67,0,18.41,MR,1612655545
294,klaksvik,62.2266,-6.589,35.6,60,20,19.57,FO,1612655545
295,kodiak,57.79,-152.4072,39.2,56,20,4.61,US,1612655545
296,kharp,66.8014,65.8081,-23.03,80,65,3.74,RU,1612655546
297,rodos,36.4408,28.2225,57.2,88,0,3.44,GR,1612655260
298,broken hill,-31.95,141.4333,66.2,63,40,19.57,AU,1612655546
299,shimoda,34.6667,138.95,50.0,76,20,4.61,JP,1612655546
300,suffolk,40.8668,-72.7996,39.2,48,1,10.36,US,1612655546
301,moate,53.55,-7.7167,39.99,90,42,3.0,IE,1612655547
302,gagino,55.2314,45.0339,-7.35,89,100,13.85,RU,1612655547
303,khandyga,62.6667,135.6,-24.61,86,99,2.17,RU,1612655499
304,awjilah,29.1081,21.2869,59.43,39,0,9.37,LY,1612655547
305,chiman,32.5463,73.8138,48.2,87,0,3.42,PK,1612655547
306,kingman,35.1894,-114.053,64.4,15,1,3.44,US,1612655447
307,waw,7.7029,27.9953,64.45,26,48,6.49,SS,1612655540
308,launceston,-41.45,147.1667,70.0,59,75,14.97,AU,1612655418
309,bonthe,7.5264,-12.505,78.87,80,65,6.69,SL,1612655359
310,antofagasta,-23.65,-70.4,68.0,73,20,12.66,CL,1612655549
311,jaguey grande,22.5269,-81.1286,80.6,74,20,10.36,CU,1612655549
312,geraldton,-28.7667,114.6,69.8,83,75,25.32,AU,1612655515
313,trairi,-3.2778,-39.2689,78.6,81,48,8.03,BR,1612655549
314,cap malheureux,-19.9842,57.6142,75.99,85,8,1.99,MU,1612655342
315,sola,-13.8833,167.55,81.93,71,35,3.65,VU,1612655550
316,san patricio,28.017,-97.5169,73.4,46,1,11.5,US,1612655550
317,delvada,20.7667,71.0333,65.08,30,2,14.47,IN,1612655550
318,dhidhdhoo,6.8833,73.1,81.14,68,1,7.96,MV,1612655448
319,coahuayana,18.7333,-103.6833,78.8,61,1,4.18,MX,1612655324
320,lufilufi,-13.8745,-171.5986,77.0,94,90,9.22,WS,1612655482
321,zhigansk,66.7697,123.3711,-38.54,80,97,12.88,RU,1612655430
322,banepa,27.6298,85.5214,37.4,93,20,3.44,NP,1612655552
323,jalu,29.0331,21.5482,59.11,40,0,8.77,LY,1612655552
324,ostrovnoy,68.0531,39.5131,8.42,91,100,9.86,RU,1612655278
325,hobyo,5.3505,48.5268,76.41,80,3,15.17,SO,1612655485
326,bontang,0.1333,117.5,78.24,82,100,4.23,ID,1612655553
327,nabire,-3.3667,135.4833,81.5,70,99,1.36,ID,1612655553
328,ornskoldsvik,63.2909,18.7153,15.8,86,0,9.22,SE,1612655553
329,cockburn town,21.4612,-71.1419,77.0,78,40,17.27,TC,1612655554
330,evensk,61.95,159.2333,17.76,87,97,23.33,RU,1612655554
331,mareeba,-17.0,145.4333,87.01,66,90,1.14,AU,1612655424
332,chokurdakh,70.6333,147.9167,-21.8,86,42,3.44,RU,1612655555
333,paamiut,61.994,-49.6678,22.87,80,0,6.26,GL,1612655283
334,araouane,18.9048,-3.5265,72.3,25,100,18.12,ML,1612655267
335,phonhong,18.5007,102.4166,62.6,94,0,0.89,LA,1612655555
336,agde,43.3108,3.4758,51.8,87,90,16.11,FR,1612655499
337,grootfontein,-19.5667,18.1167,68.63,83,100,3.36,NA,1612655556
338,honningsvag,70.9821,25.9704,28.18,93,100,24.63,NO,1612655499
339,dasoguz,41.8363,59.9666,35.6,93,0,4.61,TM,1612655556
340,koudougou,12.25,-2.3667,79.03,21,69,5.73,BF,1612655556
341,ilulissat,69.2167,-51.1,23.0,46,7,29.93,GL,1612655367
342,beni suef,29.0731,31.0979,54.86,88,0,6.42,EG,1612655557
343,harnosand,62.6323,17.9379,15.8,86,38,9.22,SE,1612655557
344,tautira,-17.7333,-149.15,84.2,61,20,12.66,PF,1612655557
345,san ramon,37.7799,-121.978,68.0,21,1,10.36,US,1612655438
346,kawalu,-7.3817,108.2082,73.98,85,97,4.14,ID,1612655306
347,alice springs,-23.7,133.8833,80.6,28,61,17.27,AU,1612655296
348,mugla,37.2303,28.3557,48.2,93,0,3.44,TR,1612655416
349,tulum,20.2167,-87.4667,82.4,74,1,13.8,MX,1612655558
350,mount pleasant,32.7941,-79.8626,48.2,100,90,14.43,US,1612655484
351,obo,5.3998,26.4869,64.22,27,1,6.06,CF,1612655559
352,bayanday,53.0661,105.5139,4.3,88,100,1.92,RU,1612655559
353,doha,25.2867,51.5333,70.0,78,0,12.66,QA,1612655551
354,allacapan,18.226,121.5562,73.78,87,20,2.15,PH,1612655559
355,klamath falls,42.2249,-121.7817,53.6,28,1,12.66,US,1612655390
356,yuxia,34.0615,108.6291,43.0,74,0,4.47,CN,1612655560
357,mitsamiouli,-11.3847,43.2844,81.97,74,94,5.57,KM,1612655448
358,canta,41.1181,28.0803,44.6,100,71,2.3,TR,1612655560
359,lagos,6.5833,3.75,80.31,86,35,5.75,NG,1612655521
360,vao,-22.6667,167.4833,78.03,79,0,3.24,NC,1612655561
361,rajakhera,26.8961,78.1714,50.52,54,0,5.93,IN,1612655561
362,mancio lima,-7.6142,-72.8958,77.05,86,46,0.85,BR,1612655561
363,trelew,-43.249,-65.3051,58.42,66,84,23.09,AR,1612655561
364,harper,4.375,-7.7169,79.39,88,6,8.7,LR,1612655469
365,doume,4.2333,13.45,69.57,37,5,3.27,CM,1612655562
366,indian head,38.6001,-77.1622,45.0,39,1,1.3,US,1612655562
367,miracema do tocantins,-9.5618,-48.3967,74.57,92,99,2.06,BR,1612655562
368,pacific grove,36.6177,-121.9166,60.8,63,1,3.44,US,1612655394
369,minsk,53.9,27.5667,-4.0,92,0,4.47,BY,1612655303
370,nagahama,35.3833,136.2667,46.99,82,17,5.01,JP,1612655563
371,high prairie,55.4334,-116.4858,-13.0,64,54,1.14,CA,1612655457
372,hualmay,-11.0964,-77.6139,71.26,77,88,7.38,PE,1612655563
373,flinders,-34.5833,150.8552,78.01,70,1,1.99,AU,1612655446
374,makakilo city,21.3469,-158.0858,78.8,44,1,12.66,US,1612655564
375,uddevalla,58.3478,11.9424,-0.4,85,40,4.61,SE,1612655564
376,chernyshevskiy,63.0128,112.4714,-28.89,87,83,2.21,RU,1612655564
377,salym,60.0625,71.4789,33.3,94,100,9.82,RU,1612655565
378,kamaishi,39.2667,141.8833,33.8,100,75,2.3,JP,1612655327
379,neiafu,-18.65,-173.9833,78.8,94,90,11.5,TO,1612655565
380,mananara,-16.1667,49.7667,75.38,89,95,1.59,MG,1612655565
381,hailar,49.2,119.7,-16.2,85,4,3.65,CN,1612655549
382,sao joao da barra,-21.6403,-41.0511,71.13,96,100,15.66,BR,1612655422
383,bereda,43.2686,-7.5406,37.99,100,62,1.01,ES,1612655566
384,airai,-8.9266,125.4092,68.13,88,82,3.51,TL,1612655566
385,atambua,-9.1061,124.8925,78.58,83,87,3.69,ID,1612655308
386,yantal,56.8471,105.2542,9.57,93,100,6.06,RU,1612655567
387,huanan,46.2167,130.5167,-12.21,90,60,4.09,CN,1612655567
388,coracao de jesus,-16.6853,-44.365,68.32,95,97,4.05,BR,1612655567
389,elbrus,43.2577,42.6443,26.17,85,100,11.9,RU,1612655567
390,coromandel,-18.4733,-47.2003,67.5,95,99,1.66,BR,1612655568
391,denpasar,-8.65,115.2167,78.8,94,20,2.3,ID,1612655568
392,palmer,42.1584,-72.3287,35.6,35,20,8.05,US,1612655568
393,brae,60.3964,-1.353,33.8,60,90,16.11,GB,1612655569
394,hamilton,39.1834,-84.5333,30.99,63,78,4.7,US,1612655516
395,jizan,17.3333,42.6667,71.6,78,0,1.81,SA,1612655522
396,benguela,-12.5763,13.4055,73.26,83,35,3.47,AO,1612655569
397,vilhena,-12.7406,-60.1458,75.2,88,40,2.3,BR,1612655486
398,sechura,-5.5569,-80.8222,78.49,63,29,16.84,PE,1612655570
399,parana,-31.732,-60.5238,79.0,53,0,5.61,AR,1612655570
400,ugra,54.7777,34.3267,-2.25,92,98,6.13,RU,1612655570
401,la ronge,55.1001,-105.2842,-20.2,57,86,5.75,CA,1612655571
402,bonavista,48.6499,-53.1147,36.0,100,100,1.14,CA,1612655571
403,wenling,28.3669,121.36,60.01,86,42,1.72,CN,1612655571
404,roald,62.5833,6.1333,23.0,68,0,13.8,NO,1612655572
405,bengkulu,-3.8004,102.2655,76.84,74,100,4.21,ID,1612655572
406,klyuchi,52.2667,79.1667,31.14,98,79,25.93,RU,1612655572
407,kefalos,36.7453,26.9589,57.2,82,20,9.22,GR,1612655572
408,bafq,31.6128,55.4107,52.29,40,12,3.87,IR,1612655572
409,katsuura,35.1333,140.3,53.01,50,0,3.44,JP,1612655573
410,tura,25.5198,90.2201,56.68,65,100,2.89,IN,1612655573
411,saint-augustin,51.226,-58.6502,34.16,95,100,17.94,CA,1612655467
412,praia da vitoria,38.7333,-27.0667,60.8,82,40,13.58,PT,1612655454
413,campbell river,50.0163,-125.2446,48.2,66,40,11.5,CA,1612655573
414,gobabis,-22.45,18.9667,69.69,73,2,8.72,NA,1612655574
415,severo-kurilsk,50.6789,156.125,22.59,93,99,15.46,RU,1612655574
416,chapais,49.7834,-74.8492,14.0,79,90,14.97,CA,1612655574
417,grindavik,63.8424,-22.4338,33.8,64,0,23.02,IS,1612655574
418,saint anthony,45.0205,-93.218,-2.2,59,20,14.97,US,1612655575
419,kloulklubed,7.0419,134.2556,82.27,80,100,17.98,PW,1612655575
420,neftegorsk,52.802,51.166,-2.06,92,75,12.41,RU,1612655575
421,ostersund,63.1792,14.6357,8.6,92,75,6.91,SE,1612655575
422,maningrida,-12.0667,134.2667,79.9,82,100,12.41,AU,1612655576
423,fort nelson,58.8053,-122.7002,-14.8,64,1,3.44,CA,1612655576
424,bria,6.5423,21.9863,66.63,26,20,6.73,CF,1612655576
425,prieska,-29.6641,22.7474,79.57,33,0,8.66,ZA,1612655576
426,sakaiminato,35.55,133.2333,51.8,93,75,2.3,JP,1612655577
427,pacifica,37.6138,-122.4869,61.0,82,1,13.8,US,1612655472
428,romitan,39.9343,64.3814,46.4,81,75,4.61,UZ,1612655577
429,pedasi,7.5333,-80.0333,79.38,83,100,2.57,PA,1612655577
430,thinadhoo,0.5333,72.9333,81.18,75,8,12.21,MV,1612655577
431,cascais,38.6979,-9.4215,53.01,76,23,20.0,PT,1612655501
432,saint-pierre,-21.3393,55.4781,78.8,78,40,5.75,RE,1612655578
433,tagbac,7.089,125.1567,77.0,100,40,4.61,PH,1612655578
434,ningxiang,37.34,111.2052,29.7,79,9,2.71,CN,1612655578
435,beringovskiy,63.05,179.3167,-7.01,89,48,10.42,RU,1612655445
436,fairbanks,64.8378,-147.7164,-5.01,77,90,0.76,US,1612655403
437,springdale,36.1867,-94.1288,39.2,100,90,2.33,US,1612655291
438,haines junction,60.7522,-137.5108,-5.8,54,95,2.3,CA,1612655579
439,komsomolskiy,40.4272,71.7189,42.8,52,100,4.61,UZ,1612655580
440,nuuk,64.1835,-51.7216,32.0,40,20,16.11,GL,1612655580
441,anloga,5.7947,0.8973,81.68,85,29,17.54,GH,1612655486
442,shirokiy,49.758,129.523,-22.07,85,1,6.78,RU,1612655581
443,tanete,-3.9443,119.7848,82.47,74,94,3.85,ID,1612655581
444,champerico,14.3,-91.9167,87.8,55,20,9.22,GT,1612655581
445,ermelo,-26.5333,29.9833,56.79,96,92,3.71,ZA,1612655581
446,kamenka,51.3223,42.7678,8.01,79,99,12.1,RU,1612655582
447,johnstown,40.3267,-78.922,28.4,39,1,5.75,US,1612655582
448,boyle,37.6334,-84.8666,41.0,65,75,6.58,US,1612655582
449,klyuchevskiy,53.5317,119.4519,-18.15,82,58,2.3,RU,1612655582
450,inhambane,-23.865,35.3833,76.93,88,83,7.07,MZ,1612655583
451,lata,40.1629,-8.3327,51.01,81,27,5.01,PT,1612655508
452,cap-aux-meules,47.3821,-61.8597,32.0,74,38,29.93,CA,1612655583
453,sibut,5.718,19.0739,71.08,25,0,4.9,CF,1612655584
454,contamana,-7.3333,-75.0167,76.93,92,51,1.57,PE,1612655297
455,bilibino,68.0546,166.4372,-5.6,79,0,2.86,RU,1612655485
456,ekhabi,53.5102,142.9671,1.24,94,100,7.07,RU,1612655584
457,menongue,-14.6585,17.691,66.07,92,100,3.69,AO,1612655585
458,gangapur,26.4833,76.7167,46.24,66,0,1.41,IN,1612655585
459,clarence town,-32.5833,151.7833,79.0,73,19,8.05,AU,1612655337
460,tonk,26.1667,75.7833,48.9,50,0,3.33,IN,1612655287
461,kirkuk,35.4681,44.3922,55.06,82,100,2.57,IQ,1612655352
462,coihaique,-45.5752,-72.0662,77.0,23,20,9.22,CL,1612655586
463,bambanglipuro,-7.95,110.2833,77.76,83,41,5.39,ID,1612655586
464,wanaka,-44.7,169.15,73.33,42,12,4.25,NZ,1612655586
465,sao fidelis,-21.6461,-41.7469,70.16,91,100,4.05,BR,1612655586
466,fenoarivo atsinanana,-17.3667,49.4167,75.52,89,82,4.94,MG,1612655586
467,sibu,2.3,111.8167,75.2,100,40,1.41,MY,1612655587
468,yarada,17.65,83.2667,64.4,82,18,2.3,IN,1612655587
469,shelburne,44.0787,-80.2041,19.4,63,90,12.66,CA,1612655587
470,japura,-0.3167,102.35,73.29,91,86,1.74,ID,1612655317
471,ndola,-12.9587,28.6366,63.09,98,75,3.22,ZM,1612655588
472,madang,-5.2246,145.7966,80.28,82,100,4.56,PG,1612655588
473,yulara,-25.2406,130.9889,78.8,29,0,18.41,AU,1612655328
474,banff,51.1762,-115.5698,-0.4,71,100,11.5,CA,1612655350
475,sidney,-33.8679,151.2073,79.0,53,0,13.8,AU,1612655393
476,heinola,61.2056,26.0381,8.6,85,20,9.22,FI,1612655589
477,udachnyy,66.4167,112.4,-35.91,80,0,6.4,RU,1612655589
478,taoudenni,22.6783,-3.9836,62.01,31,53,10.92,ML,1612655589
479,khonsa,27.0167,95.5667,50.18,74,5,3.51,IN,1612655590
480,bahia honda,22.9036,-83.1592,76.5,84,14,9.53,CU,1612655590
481,campoverde,-8.4753,-74.8058,84.2,70,20,4.61,PE,1612655590
482,mocajuba,-2.5842,-49.5072,79.63,77,64,4.56,BR,1612655590
483,kavaratti,10.5669,72.642,81.16,62,12,10.6,IN,1612655590
484,daru,-9.0763,143.2092,85.62,68,80,11.65,PG,1612655487
485,atar,20.5169,-13.0499,59.72,36,46,12.73,MR,1612655482
486,gorontalo,0.5412,123.0595,79.47,82,100,3.8,ID,1612655588
487,sao geraldo do araguaia,-6.4006,-48.555,75.94,82,32,1.19,BR,1612655591
488,miyako,39.6367,141.9525,40.32,74,73,1.88,JP,1612655591
489,kidal,18.4411,1.4078,72.16,18,40,11.3,ML,1612655592
490,makokou,0.5738,12.8642,71.28,89,72,3.09,GA,1612655592
491,salinopolis,-0.6136,-47.3561,79.16,86,80,9.93,BR,1612655592
492,kapit,2.0167,112.9333,75.04,95,100,0.67,MY,1612655522
493,raymond,43.9015,-70.4703,33.8,37,1,10.36,US,1612655593
494,nelson bay,-32.7167,152.15,80.01,73,24,8.05,AU,1612655593
495,marienburg,54.0359,19.0266,10.99,83,3,5.01,PL,1612655593
496,sumbawanga,-7.9667,31.6167,64.4,94,75,2.64,TZ,1612655593
497,yurginskoye,56.8189,67.3921,30.78,99,100,12.3,RU,1612655594
498,takoradi,4.8845,-1.7554,79.47,89,20,9.48,GH,1612655594
499,mnogovershinnyy,53.9353,139.9242,-2.45,93,100,7.7,RU,1612655594
500,vila do maio,15.1333,-23.2167,68.0,64,75,23.02,CV,1612655594
501,liusha,27.2098,108.59,47.89,97,83,1.39,CN,1612655595
502,bosobolo,4.1833,19.9,72.66,29,18,1.95,CD,1612655595
503,roma,43.2128,-75.4557,24.8,46,1,6.91,US,1612655534
504,batie,9.8833,-2.9167,80.92,18,34,3.18,BF,1612655595
505,alta floresta,-9.8756,-56.0861,71.71,97,95,5.21,BR,1612655484
506,guerrero negro,27.9769,-114.0611,69.21,40,0,11.27,MX,1612655596
507,portland,45.5234,-122.6762,46.4,87,90,18.41,US,1612655307
508,kandi,11.1342,2.9386,75.6,21,44,4.16,BJ,1612655596
509,luwuk,-0.9516,122.7875,80.49,68,100,1.95,ID,1612655596
510,vung tau,10.346,107.0843,75.76,76,81,7.14,VN,1612655597
511,boralday,43.3578,76.8594,35.6,75,90,4.47,KZ,1612655597
512,ola,59.5833,151.2833,11.3,88,100,11.23,RU,1612655597
513,hami,42.8,93.45,30.2,78,22,5.28,CN,1612655597
514,semporna,4.4818,118.6112,73.4,100,20,2.3,MY,1612655598
515,hay river,60.8156,-115.7999,-31.0,61,65,3.44,CA,1612655313
516,aleppo,36.25,37.5,49.55,71,0,9.84,SY,1612655598
517,mae hong son,19.3003,97.9685,63.46,65,0,0.74,TH,1612655598
518,molteno,-31.3968,26.3625,61.77,83,10,6.08,ZA,1612655599
519,te anau,-45.4167,167.7167,73.13,43,4,3.36,NZ,1612655599
520,huicungo,-7.2833,-76.8,74.28,91,87,1.3,PE,1612655599
521,abu kamal,34.4506,40.9171,52.23,54,0,9.55,SY,1612655600
522,los llanos de aridane,28.6585,-17.9182,60.8,63,0,6.91,ES,1612655600
523,chuy,-33.6971,-53.4616,67.64,80,0,10.04,UY,1612655600
524,toyo,10.7333,125.0167,78.19,89,100,8.46,PH,1612655600
525,petropavlovskaya,45.0819,40.4512,29.98,99,100,5.75,RU,1612655600
526,gazanjyk,39.2446,55.5154,46.06,85,100,10.0,TM,1612655601
527,natal,-5.795,-35.2094,80.6,78,40,4.61,BR,1612655601
528,namatanai,-3.6667,152.4333,85.37,63,75,3.94,PG,1612655601
529,homer,59.6425,-151.5483,28.4,86,1,8.05,US,1612655460
530,washington,47.5001,-120.5015,46.99,67,51,8.01,US,1612655356
531,north bend,43.4065,-124.2243,50.0,76,90,3.83,US,1612655601
532,ca mau,9.1769,105.15,74.7,84,85,2.1,VN,1612655602
533,great yarmouth,52.6083,1.7305,37.99,87,90,21.85,GB,1612655476
534,zeya,53.75,127.2667,-16.64,82,0,4.29,RU,1612655603
535,igarka,67.4667,86.5833,-21.91,84,70,11.45,RU,1612655603
536,tawau,4.2498,117.8871,73.4,100,20,2.3,MY,1612655603
537,gamboula,4.1178,15.1393,70.68,57,15,0.72,CF,1612655604
538,havoysund,70.9963,24.6622,27.55,94,100,21.36,NO,1612655604
539,san cristobal,7.7669,-72.225,84.2,61,40,6.91,VE,1612655483
540,mugur-aksy,50.35,90.5,4.48,83,0,6.29,RU,1612655604
541,urengoy,65.9667,78.3667,-16.83,87,92,12.06,RU,1612655604
542,batagay-alyta,67.8006,130.4114,-28.62,83,94,1.34,RU,1612655605
543,hofn,64.2539,-15.2082,32.86,91,98,18.59,IS,1612655605
544,labytnangi,66.6572,66.4183,-26.41,80,80,16.53,RU,1612655605
545,osmena,10.5208,119.9258,80.24,81,97,19.1,PH,1612655605
546,konza,-1.7426,37.1294,62.47,89,92,4.05,KE,1612655605
547,viraganur,11.4833,78.7333,64.33,78,0,3.69,IN,1612655606
548,erzin,36.9559,36.2,55.0,91,1,4.0,TR,1612655469
549,zhanakorgan,43.9098,67.2495,35.11,89,59,8.23,KZ,1612655606
550,chadan,51.2833,91.5833,-2.2,88,7,0.81,RU,1612655607
551,benemerito de las americas,16.5167,-90.6439,78.28,69,0,2.57,MX,1612655607
552,kenai,60.5544,-151.2583,19.0,86,90,8.05,US,1612655607
553,portobelo,9.55,-79.65,82.0,99,96,9.15,PA,1612655607
554,surt,31.2089,16.5887,66.06,35,20,15.32,LY,1612655608
555,rorvik,64.8621,11.2373,23.65,92,48,9.1,NO,1612655608
